PrimaryType,$300 AND UNDER,$500 AND UNDER,ABUSE / NEGLECT - CARE FACILITY,ABUSE/NEGLECT: CARE FACILITY,ADULTRY,AGG CRIM SEX ABUSE FAM MEMBER,AGG CRIMINAL SEXUAL ABUSE,AGG PO HANDS ETC SERIOUS INJ,AGG PO HANDS NO/MIN INJURY,AGG PRO EMP HANDS SERIOUS INJ,AGG PRO.EMP: HANDGUN,AGG PRO.EMP: OTHER DANG WEAPON,AGG PRO.EMP: OTHER FIREARM,AGG PRO.EMP:KNIFE/CUTTING INST,AGG RIT MUT: HANDS/FIST/FEET NO/MINOR INJURY,AGG RIT MUT: HANDS/FIST/FEET SERIOUS INJURY,AGG RITUAL MUT:HANDGUN,AGG RITUAL MUT:KNIFE/CUTTING I,AGG RITUAL MUT:OTH DANG WEAPON,AGG SEX ASSLT OF CHILD FAM MBR,"AGG. DOMESTIC BATTERY - HANDS, FISTS, FEET, SERIOUS INJURY","AGG. PROTECTED EMPLOYEE - HANDS, FISTS, FEET, SERIOUS INJURY","AGG. RITUAL MUTILATION - HANDS, FISTS, FEET, SERIOUS INJURY",AGG: FINANCIAL ID THEFT,AGG: HANDS/FIST/FEET NO/MINOR INJURY,AGG: HANDS/FIST/FEET SERIOUS INJURY,AGGRAVATED,AGGRAVATED - HANDGUN,"AGGRAVATED - HANDS, FISTS, FEET, NO / MINOR INJURY","AGGRAVATED - HANDS, FISTS, FEET, SERIOUS INJURY",AGGRAVATED - KNIFE / CUTTING INSTRUMENT,AGGRAVATED - OTHER,AGGRAVATED - OTHER DANGEROUS WEAPON,AGGRAVATED - OTHER FIREARM,AGGRAVATED COMPUTER TAMPERING,AGGRAVATED CRIMINAL SEXUAL ABUSE,AGGRAVATED CRIMINAL SEXUAL ABUSE BY FAMILY MEMBER,AGGRAVATED DOMESTIC BATTERY,AGGRAVATED DOMESTIC BATTERY - HANDGUN,AGGRAVATED DOMESTIC BATTERY - KNIFE / CUTTING INSTRUMENT,AGGRAVATED DOMESTIC BATTERY - OTHER DANGEROUS WEAPON,AGGRAVATED DOMESTIC BATTERY - OTHER FIREARM,AGGRAVATED DOMESTIC BATTERY: HANDGUN,AGGRAVATED DOMESTIC BATTERY: HANDS/FIST/FEET SERIOUS INJURY,AGGRAVATED DOMESTIC BATTERY: KNIFE / CUTTING INSTSTRUMENT,AGGRAVATED DOMESTIC BATTERY: KNIFE/CUTTING INST,AGGRAVATED DOMESTIC BATTERY: OTHER DANG WEAPON,AGGRAVATED DOMESTIC BATTERY: OTHER DANGEROUS WEAPON,AGGRAVATED DOMESTIC BATTERY: OTHER FIREARM,AGGRAVATED FINANCIAL IDENTITY THEFT,AGGRAVATED OF A CHILD,AGGRAVATED OF A SENIOR CITIZEN,AGGRAVATED OF A UNBORN CHILD,AGGRAVATED OF AN UNBORN CHILD,"AGGRAVATED P.O. - HANDS, FISTS, FEET, NO / MINOR INJURY","AGGRAVATED P.O. - HANDS, FISTS, FEET, SERIOUS INJURY",AGGRAVATED PO: HANDGUN,AGGRAVATED PO: KNIFE/CUT INSTR,AGGRAVATED PO: OTHER DANG WEAP,AGGRAVATED PO: OTHER DANGEROUS WEAPON,AGGRAVATED PO: OTHER FIREARM,AGGRAVATED PO:KNIFE/CUT INSTR,AGGRAVATED POLICE OFFICER - HANDGUN,"AGGRAVATED POLICE OFFICER - HANDS, FISTS, FEET, NO INJURY",AGGRAVATED POLICE OFFICER - KNIFE / CUTTING INSTRUMENT,AGGRAVATED POLICE OFFICER - OTHER DANGEROUS WEAPON,AGGRAVATED POLICE OFFICER - OTHER FIREARM,AGGRAVATED PROTECTED EMPLOYEE - HANDGUN,AGGRAVATED PROTECTED EMPLOYEE - KNIFE / CUTTING INSTRUMENT,AGGRAVATED PROTECTED EMPLOYEE - OTHER DANGEROUS WEAPON,AGGRAVATED PROTECTED EMPLOYEE - OTHER FIREARM,AGGRAVATED SEXUAL ASSAULT OF CHILD BY FAMILY MEMBER,AGGRAVATED VEHICULAR HIJACKING,AGGRAVATED: FINANCIAL IDENTITY THEFT,AGGRAVATED: HANDGUN,AGGRAVATED: HANDS / FIST / FEET NO / MINOR INJURY,AGGRAVATED: HANDS / FIST / FEET SERIOUS INJURY,AGGRAVATED: KNIFE / CUTTING INSTRUMENT,AGGRAVATED: KNIFE/CUT INSTR,AGGRAVATED: OTHER,AGGRAVATED: OTHER DANG WEAPON,AGGRAVATED: OTHER DANGEROUS WEAPON,AGGRAVATED: OTHER FIREARM,AGGRAVATED:KNIFE/CUTTING INSTR,AIDING ARRESTEE ESCAPE,ALTER / FORGE PRESCRIPTION,ALTER COINS,ALTER/FORGE PRESCRIPTION,ANIMAL ABUSE / NEGLECT,ANIMAL ABUSE/NEGLECT,ANIMAL FIGHTING,ARMED - HANDGUN,ARMED - KNIFE / CUTTING INSTRUMENT,ARMED - OTHER DANGEROUS WEAPON,ARMED - OTHER FIREARM,ARMED VIOLENCE,ARMED WHILE UNDER THE INFLUENCE,ARMED: HANDGUN,ARMED: OTHER DANGEROUS WEAPON,ARMED: OTHER FIREARM,ARMED:KNIFE/CUTTING INSTRUMENT,ARSON THREAT,ARSONIST - ANNUAL REGISTRATION,ARSONIST - FAIL TO REGISTER NEW ADDRESS,ARSONIST: ANNUAL REGISTRATION,ARSONIST: DUTY TO REGISTER,ARSONIST: FAIL TO REGISTER NEW ADDRESS,ATT AGG CRIM SEXUAL ABUSE,ATT AGG CRIMINAL SEXUAL ABUSE,ATT CRIM SEXUAL ABUSE,ATT: AUTOMOBILE,"ATT: TRUCK, BUS, MOTOR HOME",ATTEMPT - AUTOMOBILE,"ATTEMPT - CYCLE, SCOOTER, BIKE NO VIN","ATTEMPT - CYCLE, SCOOTER, BIKE WITH VIN",ATTEMPT - FINANCIAL IDENTITY THEFT,"ATTEMPT - TRUCK, BUS, MOTOR HOME",ATTEMPT AGG: HANDGUN,ATTEMPT AGG: KNIFE/CUT INSTR,ATTEMPT AGG: OTHER,ATTEMPT AGG: OTHER DANG WEAPON,ATTEMPT AGG: OTHER FIREARM,ATTEMPT AGGRAVATED,ATTEMPT AGGRAVATED - HANDGUN,ATTEMPT AGGRAVATED - KNIFE / CUTTING INSTRUMENT,ATTEMPT AGGRAVATED - OTHER,ATTEMPT AGGRAVATED - OTHER DANGEROUS WEAPON,ATTEMPT AGGRAVATED - OTHER FIREARM,ATTEMPT AGGRAVATED CRIMINAL SEXUAL ABUSE,ATTEMPT ARMED - HANDGUN,ATTEMPT ARMED - KNIFE / CUTTING INSTRUMENT,ATTEMPT ARMED - OTHER DANGEROUS WEAPON,ATTEMPT ARMED - OTHER FIREARM,ATTEMPT ARMED: HANDGUN,ATTEMPT ARSON,ATTEMPT CRIMINAL SEXUAL ABUSE,ATTEMPT FINANCIAL IDENTITY THEFT,ATTEMPT FORCIBLE ENTRY,ATTEMPT NON-AGGRAVATED,ATTEMPT POSSESSION CANNABIS,ATTEMPT POSSESSION NARCOTICS,ATTEMPT STRONG ARM - NO WEAPON,ATTEMPT STRONG ARM: NO WEAPON,ATTEMPT THEFT,ATTEMPT: AGGRAVATED,ATTEMPT: ARMED-HANDGUN,ATTEMPT: ARMED-KNIFE/CUT INSTR,ATTEMPT: ARMED-OTHER DANG WEAP,ATTEMPT: ARMED-OTHER FIREARM,"ATTEMPT: CYCLE, SCOOTER, BIKE NO VIN","ATTEMPT: CYCLE, SCOOTER, BIKE W-VIN",ATTEMPT: STRONGARM-NO WEAPON,AUTOMOBILE,BIGAMY,BOARD PLANE WITH WEAPON,BOGUS CHECK,BOLITA OR BOLI PUL/OFFICE,BOLITA OR BOLI PUL/RUNNER,BOLITA OR BOLI PUL/WRITER,BOMB THREAT,BOOKMAKING/HORSES,BOOKMAKING/SPORTS,BRIBERY,BY EXPLOSIVE,BY FIRE,CAB OPERATION,CALCULATED CANNABIS CONSPIRACY,CALL OPERATION,CANNABIS PLANT,CHILD ABANDONMENT,CHILD ABDUCTION,CHILD ABDUCTION / STRANGER,CHILD ABDUCTION/STRANGER,CHILD ABUSE,CHILD PORNOGRAPHY,COMMERCIAL SEX ACTS,COMPELLING CONFESSION,COMPELLING ORG MEMBERSHIP,COMPOUNDING A CRIME,COMPUTER FRAUD,CONCEALED CARRY LICENSE REVOCATION,CONCEALING/AIDING A FUGITIVE,CONT SUBS:FAIL TO MAINT RECORD,CONTRABAND IN PRISON,CONTRIBUTE CRIM DELINQUENCY JUVENILE,CONTRIBUTE DELINQUENCY OF A CHILD,CONTRIBUTE TO THE CRIMINAL DELINQUENCY OF CHILD,CONTRIBUTE TO THE DELINQUENCY OF CHILD,COUNTERFEIT CHECK,COUNTERFEITING DOCUMENT,CREDIT CARD FRAUD,CRIM SEX ABUSE BY FAM MEMBER,CRIMINAL DEFACEMENT,CRIMINAL DRUG CONSPIRACY,CRIMINAL SEXUAL ABUSE,CRIMINAL SEXUAL ABUSE BY FAMILY MEMBER,CRIMINAL TRANSMISSION OF HIV,CYBERSTALKING,"CYCLE, SCOOTER, BIKE NO VIN","CYCLE, SCOOTER, BIKE W-VIN","CYCLE, SCOOTER, BIKE WITH VIN",DECEPTIVE COLLECTION PRACTICES,DEFACE IDENT MARKS OF FIREARM,DEFACE IDENTIFICATION MARKS OF FIREARM,DEL CONT SUBS TO PERSON <18,DELIVER CANNABIS TO PERSON <18,DELIVER CANNABIS TO PERSON UNDER 18,DELIVER CONTROLLED SUBSTANCES TO PERSON UNDER 18,DELIVERY CONTAINER THEFT,DISCLOSE DOMESTIC VIOLENCE VICTIM LOCATION,DISCLOSE DV VICTIM LOCATION,DOMESTIC BATTERY SIMPLE,DOMESTIC VIOLENCE,EAVESDROPPING,EDUCATIONAL INTIMIDAITON,EMBEZZLEMENT,EMPLOY MINOR,ENDANGERING LIFE / HEALTH OF CHILD,ENDANGERING LIFE/HEALTH CHILD,ESCAPE,EXTORTION,FAIL REGISTER LIC:CONT SUBS,FAILURE TO KEEP HYPO RECORDS,FALSE / STOLEN / ALTERED TRP,FALSE FIRE ALARM,FALSE POLICE REPORT,FALSE/STOLEN/ALTERED TRP,FINAN EXPLOIT-ELDERLY/DISABLED,FINANCIAL EXPLOITATION OF AN ELDERLY OR DISABLED PERSON,FINANCIAL ID THEFT: OVER $300,FINANCIAL ID THEFT:$300 &UNDER,FINANCIAL IDENTITY THEFT $300 AND UNDER,FINANCIAL IDENTITY THEFT OVER $ 300,FINANCIAL IDENTITY THEFT: $300 & UNDER,FINANCIAL IDENTITY THEFT: OVER $300,FIREARM REGISTRATION VIOLATION,FIRST DEGREE MURDER,FOID - REVOCATION,FORCIBLE DETENTION,FORCIBLE ENTRY,FORFEIT PROPERTY,FORGERY,FORNICATION,FOUND PASSPORT,FOUND SUSPECT NARCOTICS,FRAUD OR CONFIDENCE GAME,FROM BUILDING,FROM COIN-OP MACHINE/DEVICE,FROM COIN-OPERATED MACHINE OR DEVICE,GAME / AMUSEMENT DEVICE,GAME/AMUSEMENT DEVICE,GAME/CARDS,GAME/DICE,GUN OFFENDER - ANNUAL REGISTRATION,GUN OFFENDER - DUTY TO REGISTER,GUN OFFENDER - DUTY TO REPORT CHANGE OF INFORMATION,GUN OFFENDER NOTIFICATION-NO CONTACT,GUN OFFENDER: ANNUAL REGISTRATION,GUN OFFENDER: DUTY TO REGISTER,GUN OFFENDER: DUTY TO REPORT CHANGE OF INFORMATION,HARASSMENT BY ELECTRONIC MEANS,HARASSMENT BY TELEPHONE,HARBOR RUNAWAY,HAZARDOUS MATERIALS VIOLATION,HOME INVASION,ILLEGAL CONSUMPTION BY MINOR,ILLEGAL ILL LOTTERY,ILLEGAL POSSESSION BY MINOR,ILLEGAL POSSESSION CASH CARD,ILLEGAL USE CASH CARD,IMPERSONATION,IN TAVERN,INDECENT SOLICITATION OF A CHILD,INDECENT SOLICITATION OF AN ADULT,INDECENT SOLICITATION/ADULT,INDECENT SOLICITATION/CHILD,INSTITUTIONAL VANDALISM,INSURANCE FRAUD,INTERFERE W/ EMERGENCY EQUIP,INTERFERE W/ HIGHER EDUCATION,INTERFERE WITH EMERGENCY EQUIPMENT,INTERFERENCE JUDICIAL PROCESS,INTIMIDATION,INTIMIDATION OF LAW ENFORCEMENT OFFICIAL,INTOXICATING COMPOUNDS,INVOLUNTARY MANSLAUGHTER,INVOLUNTARY SERVITUDE,JUVENILE PIMPING,KEEP PLACE OF JUV PROSTITUTION,KEEP PLACE OF PROSTITUTION,KIDNAPPING,LIBRARY THEFT,LIBRARY VANDALISM,LICENSE VIOLATION,LICENSED PREMISE,LIQUOR LICENSE VIOLATION,LOOTING,LOST PASSPORT,LOTTERY/OTHER,LOTTERY/PARI-MUTUEL,LOTTERY/PARLAY CARDS,MANU/DEL:CANNABIS 10GM OR LESS,MANU/DEL:CANNABIS OVER 10 GMS,MANU/DELIVER: HALLUCINOGEN,MANU/DELIVER: HEROIN (WHITE),MANU/DELIVER: HEROIN(BRN/TAN),MANU/DELIVER: METHAMPHETAMINES,MANU/DELIVER:AMPHETAMINES,MANU/DELIVER:BARBITUATES,MANU/DELIVER:COCAINE,MANU/DELIVER:CRACK,MANU/DELIVER:HEROIN(BLACK TAR),MANU/DELIVER:LOOK-ALIKE DRUG,MANU/DELIVER:PCP,MANU/DELIVER:SYNTHETIC DRUGS,MANU/POSS. W/INTENT TO DELIVER: SYNTHETIC MARIJUANA,MANUFACTURE / DELIVER -  HEROIN (WHITE),MANUFACTURE / DELIVER - AMPHETAMINES,MANUFACTURE / DELIVER - BARBITURATES,MANUFACTURE / DELIVER - CANNABIS 10 GRAMS OR LESS,MANUFACTURE / DELIVER - CANNABIS OVER 10 GRAMS,MANUFACTURE / DELIVER - COCAINE,MANUFACTURE / DELIVER - CRACK,MANUFACTURE / DELIVER - HALLUCINOGEN,MANUFACTURE / DELIVER - HEROIN (BLACK TAR),MANUFACTURE / DELIVER - HEROIN (TAN / BROWN TAR),MANUFACTURE / DELIVER - METHAMPHETAMINE,MANUFACTURE / DELIVER - PCP,MANUFACTURE / DELIVER - SYNTHETIC DRUGS,MANUFACTURE / DELIVER - SYNTHETIC MARIJUANA,MARRYING A BIGAMIST,MINOR MISREPRESENT AGE,MOB ACTION,MONEY LAUNDERING,NATIONAL LOTTERY,NON-AGGRAVATED,NON-CONSENSUAL DISSEMINATION OF PRIVATE SEXUAL IMAGES,NON-CONSENSUAL DISSEMINATION PRIVATE SEXUAL IMAGES,NOTIFICATION OF CIVIL NO CONTACT ORDER,NOTIFICATION OF STALKING - NO CONTACT ORDER,OBSCENE MATTER,OBSCENE TELEPHONE CALLS,OBSCENITY,OBSTRUCTING IDENTIFICATION,OBSTRUCTING JUSTICE,OBSTRUCTING SERVICE,OF AN UNBORN CHILD,OF UNBORN CHILD,OFFICIAL MISCONDUCT,OTHER,OTHER ARSON / EXPLOSIVE INCIDENT,OTHER ARSON/EXPLOSIVE INCIDENT,OTHER CRIME AGAINST PERSON,OTHER CRIME INVOLVING PROPERTY,OTHER OFFENSE,OTHER PROSTITUTION OFFENSE,OTHER VEHICLE OFFENSE,OTHER VIOLATION,OTHER WEAPONS VIOLATION,OVER $300,OVER $500,PANDERING,PAROLE VIOLATION,PATRONIZE JUVENILE PROSTITUTE,PATRONIZING A PROSTITUTE,PAY TV SERVICE OFFENSES,PEEPING TOM,PIMPING,POCKET-PICKING,POLICY/OTHER,POS: CHEMICAL/DRY-ICE DEVICE,POS: EXPLOSIVE/INCENDIARY DEV,POS: HYPODERMIC NEEDLE,POS: PORNOGRAPHIC PRINT,POSS FIREARM/AMMO:NO FOID CARD,POSS. KEYS OR DEV.TO COIN MACH,POSS: AMPHETAMINES,POSS: BARBITUATES,POSS: CANNABIS 30GMS OR LESS,POSS: CANNABIS MORE THAN 30GMS,POSS: COCAINE,POSS: CRACK,POSS: HALLUCINOGENS,POSS: HEROIN(BLACK TAR),POSS: HEROIN(BRN/TAN),POSS: HEROIN(WHITE),POSS: LOOK-ALIKE DRUGS,POSS: METHAMPHETAMINES,POSS: PCP,POSS: SYNTHETIC DRUGS,POSSESS - AMPHETAMINES,POSSESS - BARBITURATES,POSSESS - CANNABIS 30 GRAMS OR LESS,POSSESS - CANNABIS MORE THAN 30 GRAMS,POSSESS - COCAINE,POSSESS - CRACK,POSSESS - HALLUCINOGENS,POSSESS - HEROIN (BLACK TAR),POSSESS - HEROIN (TAN / BROWN TAR),POSSESS - HEROIN (WHITE),POSSESS - HYPODERMIC NEEDLE,POSSESS - LOOK-ALIKE DRUGS,POSSESS - METHAMPHETAMINE,POSSESS - PCP,POSSESS - SYNTHETIC DRUGS,POSSESS FIREARM / AMMUNITION - NO FOID CARD,POSSESS KEYS OR DEVICE TO COIN MACHINE,POSSESSION - EXPLOSIVE / INCENDIARY DEVICE,POSSESSION OF BURGLARY TOOLS,POSSESSION OF DRUG EQUIPMENT,POSSESSION OF PORNOGRAPHIC PRINT,POSSESSION: SYNTHETIC MARIJUANA,PREDATORY,PRO EMP HANDS NO/MIN INJURY,PROBATION VIOLATION,PROHIBITED PLACES,"PROTECTED EMPLOYEE - HANDS, FISTS, FEET, NO / MINOR INJURY",PROTECTED EMPLOYEE: HANDS NO / MIN INJURY,PUBLIC DEMONSTRATION,PUBLIC INDECENCY,PURSE-SNATCHING,RECKLESS CONDUCT,RECKLESS FIREARM DISCHARGE,RECKLESS HOMICIDE,REFUSING TO AID AN OFFICER,REGISTER FED GAMBLING STAMP,REGISTER OF SALES BY DEALER,RESIST / OBSTRUCT / DISARM OFFICER,RESIST/OBSTRUCT/DISARM OFFICER,RETAIL THEFT,SALE / DELIVER - DRUG PARAPHERNALIA,SALE / DISTRIBUTE OBSCENE MATERIAL TO MINOR,SALE OF OBSCENE MATERIALS,SALE OF TOBACCO PRODUCTS TO MINOR,SALE TOBACCO PRODUCTS TO MINOR,SALE/DEL DRUG PARAPHERNALIA,SALE/DEL HYPODERMIC NEEDLE,SALE/DIST OBSCENE MAT TO MINOR,SECOND DEGREE MURDER,SELL / ADVERTISE FIREWORKS,SELL / GIVE / DELIVER LIQUOR TO MINOR,SELL/ADVERTISE FIREWORKS,SELL/GIVE/DEL LIQUOR TO MINOR,SEX ASSLT OF CHILD BY FAM MBR,SEX OFFENDER - FAIL TO REGISTER,SEX OFFENDER - FAIL TO REGISTER NEW ADDRESS,SEX OFFENDER - PROHIBITED ZONE,SEX OFFENDER: FAIL REG NEW ADD,SEX OFFENDER: FAIL TO REGISTER,SEX OFFENDER: PROHIBITED ZONE,SEX RELATION IN FAMILY,SEXUAL ASSAULT OF CHILD BY FAMILY MEMBER,SEXUAL EXPLOITATION OF A CHILD,SEXUAL RELATIONS IN FAMILY,SIMPLE,SOLICIT FOR BUSINESS,SOLICIT FOR PROSTITUTE,SOLICIT NARCOTICS ON PUBLIC WAY,SOLICIT NARCOTICS ON PUBLICWAY,SOLICIT OFF PUBLIC WAY,SOLICIT ON PUBLIC WAY,SOLICITING FOR A PROSTITUTE,SOLICITING FOR BUSINESS,SPORTS TAMPERING,STOLEN PROP: BUY/RECEIVE/POS.,STOLEN PROPERTY BUY / RECEIVE / POSSESS,STRONG ARM - NO WEAPON,STRONGARM - NO WEAPON,STRONGARM: NO WEAPON,TAMPER WITH MOTOR VEHICLE,TELEPHONE THREAT,THEFT / RECOVERY - AUTOMOBILE,"THEFT / RECOVERY - CYCLE, SCOOTER, BIKE NO VIN","THEFT / RECOVERY - CYCLE, SCOOTER, BIKE WITH VIN","THEFT / RECOVERY - TRUCK, BUS, MOBILE HOME","THEFT BY LESSEE, MOTOR VEHICLE","THEFT BY LESSEE, NON-MOTOR VEHICLE","THEFT BY LESSEE,MOTOR VEH","THEFT BY LESSEE,NON-VEH",THEFT OF LABOR / SERVICES,THEFT OF LABOR/SERVICES,THEFT OF LOST / MISLAID PROPERTY,THEFT OF LOST/MISLAID PROP,THEFT RETAIL,THEFT/RECOVERY: AUTOMOBILE,"THEFT/RECOVERY: CYCLE, SCOOTER, BIKE NO VIN","THEFT/RECOVERY: CYCLE, SCOOTER, BIKE W-VIN","THEFT/RECOVERY: TRUCK,BUS,MHOME",TIRE DEFLATION DEVICE DEPLOYMENT,TO AIRPORT,TO CITY OF CHICAGO PROPERTY,TO FIRE FIGHT.APP.EQUIP,TO LAND,TO PROPERTY,TO RESIDENCE,TO STATE SUP LAND,TO STATE SUP PROP,TO STATE SUPPORTED PROPERTY,TO VEHICLE,"TRUCK, BUS, MOTOR HOME",UNAUTHORIZED VIDEOTAPING,UNIDENTIFIABLE RECORDING SOUND,UNLAWFUL ENTRY,UNLAWFUL INTERFERE/VISITATION,UNLAWFUL POSS AMMUNITION,UNLAWFUL POSS OF HANDGUN,UNLAWFUL POSS OTHER FIREARM,UNLAWFUL POSSESSION - AMMUNITION,UNLAWFUL POSSESSION - HANDGUN,UNLAWFUL POSSESSION - OTHER FIREARM,UNLAWFUL RESTRAINT,UNLAWFUL SALE - DELIVERY OF FIREARM AT SCHOOL,UNLAWFUL SALE - HANDGUN,UNLAWFUL SALE - OTHER FIREARM,UNLAWFUL SALE HANDGUN,UNLAWFUL SALE OTHER FIREARM,UNLAWFUL SALE/DELIVERY OF FIREARM AT SCHOOL,UNLAWFUL USE - HANDGUN,UNLAWFUL USE - OTHER DANGEROUS WEAPON,UNLAWFUL USE - OTHER FIREARM,UNLAWFUL USE / SALE OF AIR RIFLE,UNLAWFUL USE HANDGUN,UNLAWFUL USE OF A COMPUTER,UNLAWFUL USE OF BODY ARMOR,UNLAWFUL USE OF RECORDED SOUND,UNLAWFUL USE OTHER DANG WEAPON,UNLAWFUL USE OTHER FIREARM,UNLAWFUL USE/SALE AIR RIFLE,UNLAWFUL VISITATION INTERFERENCE,USE OF METAL PIERCING BULLETS,VEHICLE TITLE / REGISTRATION OFFENSE,VEHICLE TITLE/REG OFFENSE,VEHICULAR HIJACKING,VIO BAIL BOND: DOM VIOLENCE,VIOL CHARITABLE GAME ACT,VIOLATE ORDER OF PROTECTION,VIOLATION GPS MONITORING DEVICE,VIOLATION OF BAIL BOND - DOMESTIC VIOLENCE,VIOLATION OF CIVIL NO CONTACT ORDER,VIOLATION OF SMOKING BAN,VIOLATION OF STALKING NO CONTACT ORDER,VIOLATION OF SUMMARY CLOSURE,VIOLENT OFFENDER - ANNUAL REGISTRATION,VIOLENT OFFENDER - DUTY TO REGISTER,VIOLENT OFFENDER - FAIL TO REGISTER NEW ADDRESS,VIOLENT OFFENDER: ANNUAL REGISTRATION,VIOLENT OFFENDER: DUTY TO REGISTER,VIOLENT OFFENDER: FAIL TO REGISTER NEW ADDRESS,WIREROOM/HORSES,WIREROOM/SPORTS
ARSON,,,,,,,,,,,,,,,,,,,,,,,,,,,2091.0,,,,,,,,,,,,,,,,,,,,,,,,,,,,,,,,,,,,,,,,,,,,,,,,,,,,,,,,,,,,,,,,,,,,,,,,,,,,,,,,,,,,,,,,,,,,,,,,,,,,,,,,,,,,2108.0,,,,,,,,,,,,,,,,,,,,,,,,,,,,,135.0,9192.0,,,,,,,,,,,,,,,,,,,,,,,,,,,,,,,,,,,,,,,,,,,,,,,,,,,,,,,,,,,,,,,,,,,,,,,,,,,,,,,,,,,,,,,,,,,,,,,,,,,,,,,,,,,,,,,,,,,,,,,,,,,,,,,,,,,,,,,,,,,,,,,,,,,,,,,,,,,,,,,,,,,,,,,,,,,,,,,,,,,,,,,,,,,,,,,,,,,,,,,,,,,,,,40.0,83.0,,,,,,,,,,,,,,,,,,,,,,,,,,,,,,,,,,,,24.0,,,,,,,,,,,,,,,,,,,,,,,,,,,,,,,,,,,,,,,,,,,,,,,,,,,,,,,,,,,,,,,,,,,,,,,,,,,,,,,,,,,,,,,,,,,,,,,,,,,,,,,,,,,,,,,,,,,,,,,,,,,,,,,,,,,,,,,,,,,,,,
ASSAULT,,,,,,,,,6601.0,,388.0,1150.0,89.0,559.0,,,,,,,,,,,,,,17930.0,,,5511.0,,3917.0,595.0,,,,,,,,,,,,,,,,,,,,,,,976.0,,1264.0,,83.0,568.0,217.0,463.0,40.0,182.0,17.0,125.0,94.0,143.0,18.0,,,,49014.0,,,,,,26333.0,,2113.0,31760.0,,,,,,,,,,,,,,,,,,,,,,,,,,,,,,,,,,,,,,,,,,,,,,,,,,,,,,,,,,,,,,,,,,,,,,,,,,,,,,,,,,,,,,,,,,,,,,,,,,,,,,,,,,,,,,,,,,,,,,,,,,,,,,,,,,,,,,,,,,,,,,,,,,,,,,,,,,,,,,,,,,,,,,,,,,,,,,,,,,,,,,,,,,,,,,,,,,,,,,,,,,,,,,,,,,,,,,,,,,,,,,,,,,,,,,,,,,,,,,,,,,,,,,,,,,,,,,,,,,,,,,,,,,,,,,,,,,,,,,,,,,,,,,,,,,,,,,,,,,,,,,,,,,,,,,,,,,,,,,,,,,,,,,,,,,15149.0,,,954.0,,,,,,,,,,,,,,,,,,,,,,,,,,,,,,,,,,,,,,359359.0,,,,,,,,,,,,,,,,,,,,,,,,,,,,,,,,,,,,,,,,,,,,,,,,,,,,,,,,,,,,,,,,,,,,,,,,,,,,,,,,,,,,,,,,,,,,,,,
BATTERY,,,,,,,,481.0,13984.0,499.0,128.0,1448.0,29.0,189.0,,,,,,,3295.0,164.0,,,5151.0,2481.0,,10534.0,787.0,545.0,3189.0,,6973.0,61.0,,,,1546.0,98.0,2297.0,4107.0,3.0,360.0,4539.0,2.0,13508.0,19702.0,3.0,136.0,,1063.0,3872.0,56.0,30.0,1933.0,246.0,304.0,230.0,1620.0,1.0,26.0,,28.0,,16.0,328.0,2.0,3.0,22.0,217.0,,,,,36718.0,1.0,1.0,1.0,,,70100.0,4.0,1323.0,27903.0,,,,,,,,,,,,,,,,,,,,,,,,,,,,,,,,,,,,,,,,,,,,,,,,,,,,,,,,,,,,,,,,,,,,,,,,,,,,,,,,,,,,,,,,,,,,,,,,,,,,,,,,,,,,,,,,,,,,,,,,,,,,,,,,624666.0,,,,,,,,,,,,,,,,,,,,,,,,,,,,,,,,,,,,,,,,,,,,,,,,,,,,,,,,,,,,,,,,,,,,,,,,,,,,,,,,,,,,,,,,,,,,,,,,,,,,,,,,,,,,,,,,,,,,,,,,,,,,,,,,,,,,,,,22.0,90.0,,,,,,,,,,,,,,,,,,,,,,,,,,,,,,,,,,,,,,,,,,,,,,,,,,,,,,,,,,,,,,,,,,16042.0,,,1476.0,1.0,,,,,,,,,,,,,,,,,,,,,,,,,,,,,,,,,,,,,574212.0,,,,,,,,,,,,,,,,,,,,,,,,,,,,,,,,,,,,,,,,,,,,,,,,,,,,,,,,,,,,,,,,,,,,,,,,,,,,,,,,,,,,,,,,,,,,,,,
BURGLARY,,,,,,,,,,,,,,,,,,,,,,,,,,,,,,,,,,,,,,,,,,,,,,,,,,,,,,,,,,,,,,,,,,,,,,,,,,,,,,,,,,,,,,,,,,,,,,,,,,,,,,,,,,,,,,,,,,,,,,,,,,,,,,,,,,,,,,,,,,18946.0,,,,,,,,,,,,,,,,,,,,,,,,,,,,,,,,,,,,,,,,,,,,,,,,,,,,,,,,,,,,,,,,,,,,,,,,,,,,,,,,,,,,,,,,,,,,,,,,,,,,,,287558.0,,,,,,,,,,,,,,,,,,,,,,,,,6424.0,,,,,,,,,,,,,,,,,,,,,,,,,,,,,,,,,,,,,,,,,,,,,,,,,,,,,,,,,,,,,,,,,,,,,,,,,,,,,,,,,,,,,,,,,,,,,,,,,,,,,,,,,,,,,,,,,,,,,,,,,,,,,,,,,,,,,,,,,,,,,,,,,,,,,,,,,,,,,,,,,,,,,,,,,,,,,,,,,,,,,,,,,,,,,,,,,,,,,,,,,,,,,,,,,,,,,,,,,,,,,,,,,,,,,,,,,,,,,,117377.0,,,,,,,,,,,,,,,,,,,,,,,,,,,,,,,,,,,,,,,,,,,,,,,
CONCEALED CARRY LICENSE VIOLATION,,,,,,,,,,,,,,,,,,,,,,,,,,,,,,,,,,,,,,,,,,,,,,,,,,,,,,,,,,,,,,,,,,,,,,,,,,,,,,,,,,,,,,,,,,,,,,,,,305.0,,,,,,,,,,,,,,,,,,,,,,,,,,,,,,,,,,,,,,,,,,,,,,,,,,,,,,,,,,,,,,,,,,,,,,,,,,,,,,,,,,,,,,,,,,,,,,,,,,,,,,,,,,,,,,,,,,,,,,,,,,,,,,,,,,,,,,,,,,,,,,,,,,,,,,,,,,,,,,,,,,,,,,,,,,,,,,,,,,,,,,,,,,,,,,,,,,,,,,,,,,,,,,,,,,,,,,,,,,,,,,,,,,,,,,,,,,,,,,,,,,,,,,,,,,,,,394.0,,,,,,,,,,,,,,,,,,,,,,,,,,,,,,,,,,,,,,,,,,,,,,,,,,,,,,,,,,,,,,,,,,541.0,,,,,,,,,,,,,,,,,,,,,,,,,,,,,,,,,,,,,,,,,,,,,,,,,,,,,,,,,,,,,,,,,,,,,,,,,,,,,,,,,,,,,,,,,,,,,,,,,,,,,,,,,,,,,,,,,,,,,,,,,,,,,,,,,,,,,,
CRIM SEXUAL ASSAULT,,,,,,,,,,,,,,,,,,,,,,,,,,,,,,,,,,,,,,,,,,,,,,,,,,,,,,,,,,,,,,,,,,,,,,,,,,,1646.0,,,,1019.0,4422.0,291.0,,34.0,,,,,,,,,,,,,,,,,,,,,,,,,,,,,,,,,,,151.0,176.0,254.0,48.0,3.0,,,,,,,,,,,,,,,,,1311.0,,,,,,,,,,,,,,,,,,,,,,,,,,,,,,,,,,,,,,,,,,,,,,,,,,,,,,,,,,,,,,,,,,,,,,,,,,,,,,,,,,,,,,,,,,,,,,,,,,,,,,,,,,,,,,,,,,,,,,,,,,,,,,,,,,,,,,,,,,,,,,,,,,,,,,,,,,,,,,,,,,,,,,,,,,,,,,,,,,,,,,,,,,,,,,,,,,,,,15472.0,,,,,,,,,,,,,,,,,,,,,,,,,,,,,,,,,,,,,,,,,,,,,,,,,,,,,,,,,,,,,,,,,,,,,,,,,,,,,2706.0,,,,,,,,,,,,,,,,,,,,,,,,,,,,,,,,,,,,,,,,,,,,,,,,,,,,,,,,,,,,,,,,,,,,,,,,,,,,,,,,,,,,,,,,,,,,,,,,,,,,,,,,,,,,,,,,,,,,,,,,,,,,,,,,,,,,,,,,,
CRIMINAL DAMAGE,,,,,,,,,,,,,,,,,,,,,,,,,,,,,,,,,,,,,,,,,,,,,,,,,,,,,,,,,,,,,,,,,,,,,,,,,,,,,,,,,,,,,,,,,,,,,,,,,,,,,,,,,,,,,,,,,,,,,,,,,,,,,,,,,,,,,,,,,,,,,,,,,,,,,,,,,,,,,,,,,,,,,,,,,,,,,,,,,,,,,,,,,,,,,,,,,36716.0,,,,,,,,,,,,,,,,,,,,,,,,,,,,,,,,,,,,,,,,,,,,,,,,,,,,,,,,,,,,,,,,,,,,,,,,,,,,,,,,,,,,878.0,,,,,,,,,,,,,,,,76.0,,,,,,,,,,,,,,,,,,,,,,,,,,,,,,,,,,,,,,,,,,,,,,,,,,,,,,,,,,,,,,,,,,,,,,,,,,,,,,,,,,,,,,,,,,,,,,,,,,,,,,,,,,,,,,,,,,,,,,,,,,,,,,,,,,,,,,,,,,,,,,,,,,,,,,,,,,,,,,,,,,,,,,,,,,,,,,,,,,,,,,,,,,,,,,,,,,,,,,15735.0,397.0,,419988.0,,,5896.0,284.0,431349.0,,,,,,,,,,,,,,,,,,,,,,,,,,,,,,,,,,,,,,,,,,,,,,,,,,,
CRIMINAL SEXUAL ASSAULT,,,,,,,,,,,,,,,,,,,,,,,,,,,,337.0,,,168.0,1125.0,55.0,9.0,,,,,,,,,,,,,,,,,,,,,,,,,,,,,,,,,,,,,,,,,,,,1.0,,,,,,,,,,,,,,,,,,,,,,,,,,,,,,,,,,,,,,,,,,,,,,25.0,11.0,47.0,2.0,1.0,,,,,,,,,,,233.0,,,,,,,,,,,,,,,,,,,,,,,,,,,,,,,,,,,,,,,,,,,,,,,,,,,,,,,,,,,,,,,,,,,,,,,,,,,,,,,,,,,,,,,,,,,,,,,,,,,,,,,,,,,,,,,,,,,,,,,,,,,,,,,,,,,,,,,,,,,,,,,,,,,,,,,,,,,,,,,,,,,,,,,,,,,,,,,,,,,,,,,,,,,,,,,,,,,,,5420.0,,,,,,,,,,,,,,,,,,,,,,,,,,,,,,,,,,,,,,,,,,,,,,,,,,,,,,,,,,,,,,,,,,,,,,,,,,,,,755.0,,,,,,,,,,,,,,,,,,,,,,,,,,,,,,,,,,,,,,,,,,,,,,,,,,,,,,,,,,,,,,,,,,,,,,,,,,,,,,,,,,,,,,,,,,,,,,,,,,,,,,,,,,,,,,,,,,,,,,,,,,,,,,,,,,,,,,,,,
CRIMINAL TRESPASS,,,,,,,,,,,,,,,,,,,,,,,,,,,,,,,,,,,,,,,,,,,,,,,,,,,,,,,,,,,,,,,,,,,,,,,,,,,,,,,,,,,,,,,,,,,,,,,,,,,,,,,,,,,,,,,,,,,,,,,,,,,,,,,,,,,,,,,,,,,,,,,,,,,,,,,,,,,,,,,,,,,,,,,,,,,,,,,,,,,,,,,,,,,,,,,,,,,,,,,,,,,,,,,,,,,,,,,,,,,,,,,,,,,,,,,,,,,,,,,,,,,,,,,,,,,,,,,,,,,,,,,,,,,,,,,,,,,,,,,,,,,,,,,,,,,,,,,,,,,,,,,,,,,,,,,,,,,,,,,,,,,,,,,,,,,,,,,,,,,,,,,,,,,,,,,,,,,,,,,,,,,,,,,,,,,,,,,,,,,,,,,,,,,,,,,,,,,,,,,,,,,,,,,,,,,,,,,,,,,,,,,,,,,,,,,,,,,,,,,,,,,,,,,,,,,,,,,,,,,,,,,,,,,,,,,,,,,,,,,,,,,,,,,,,,617.0,,,133749.0,,30600.0,37621.0,,,15398.0,,,,,,,,,,,,,,,,,,,,,,,,,,,,,,,,,,,,,,,,,,,,,,,,,,,
DECEPTIVE PRACTICE,,,,,,,,,,,,,,,,,,,,,,,,,,,,,,,,,,,56.0,,,,,,,,,,,,,,,1075.0,,,,,,,,,,,,,,,,,,,,,,,,,,,,,,,,,,,,,6.0,,,,,,,,,,,,,,,,,,,,,,,,,,,,,6033.0,,,,,,,,,,,,,,,,,,,,,,,,,,,,,,,,,,,,,,,,16552.0,,,,,,,,,,,,,,,,,,,,,,,,2979.0,,,,,,,,,9189.0,13541.0,67195.0,,,,,,,,,,,1043.0,,,,,,,,,,,,,,1606.0,,,,,,,,,,,,1988.0,382.0,,,22996.0,49519.0,,,,,,,,,22558.0,,,,44520.0,,,,,,,,,,,,,,,,,,,,,,,971.0,37968.0,1089.0,,,,,,,148.0,,,,,,,,,,,,,,51.0,,,,,,,,,,,,,,,,,,,,,,,,,,,,,,,,,,,,,,,,,,,,,,,,,,,,,,,,,,,,,,,,,,,,,,,,,,278.0,,,,,,,,,,32.0,,,,,,,,,,,,,,,,,,,,,,,,,,,,,,,4.0,,,,,,,,,,,,,,,,,,,,,,,,,,,,,,,,,,,,,,,,,,,,,,,,,,,,,,,,,,2836.0,227.0,,,,,,,,,,1126.0,44.0,5183.0,494.0,1954.0,32353.0,1447.0,8867.0,,,,,,,,,,,,,,,,,,559.0,313.0,,,,,,,,,,,,,,,,,,,,,571.0,,1401.0,,,,,,,,,,,,,,,,,,,,,,,,,
DOMESTIC VIOLENCE,,,,,,,,,,,,,,,,,,,,,,,,,,,,,,,,,,,,,,,,,,,,,,,,,,,,,,,,,,,,,,,,,,,,,,,,,,,,,,,,,,,,,,,,,,,,,,,,,,,,,,,,,,,,,,,,,,,,,,,,,,,,,,,,,,,,,,,,,,,,,,,,,,,,,,,,,,,,,,,,,,,,,,,,,,,,,,,,,,,,,,,,,,,,,,,,,,,,,,,,,,,,,,,,,,,,,1.0,,,,,,,,,,,,,,,,,,,,,,,,,,,,,,,,,,,,,,,,,,,,,,,,,,,,,,,,,,,,,,,,,,,,,,,,,,,,,,,,,,,,,,,,,,,,,,,,,,,,,,,,,,,,,,,,,,,,,,,,,,,,,,,,,,,,,,,,,,,,,,,,,,,,,,,,,,,,,,,,,,,,,,,,,,,,,,,,,,,,,,,,,,,,,,,,,,,,,,,,,,,,,,,,,,,,,,,,,,,,,,,,,,,,,,,,,,,,,,,,,,,,,,,,,,,,,,,,,,,,,,,,,,,,,,,,,,,,,,,,,,,,,,,,,,,,,,,,,,,,,,,,,,,,,,,,,,,,,,,,,,,,,,,,,,,,,,,,,
GAMBLING,,,,,,,,,,,,,,,,,,,,,,,,,,,,,,,,,,,,,,,,,,,,,,,,,,,,,,,,,,,,,,,,,,,,,,,,,,,,,,,,,,,,,,,,,,,,,,,,,,,,,,,,,,,,,,,,,,,,,,,,,,,,,,,,,,,,,,,,,,,,,,,,,,,,,,,,,,,,,9.0,23.0,14.0,,25.0,91.0,,,,,,,,,,,,,,,,,,,,,,,,,,,,,,,,,,,,,,,,,,,,,,,,,,,,,,,,,,,,,,,,,,,,,,,,,,,,,,,,,,,,,,,,2.0,726.0,377.0,12304.0,,,,,,,,,,,,,,349.0,,,,,,,,,,,,,,,,,,,,,,,,,,,,,,,,6.0,1.0,6.0,,,,,,,,,,,,,,,,,,,,,,,,,,,,,,,,,,2.0,,,,,,,,,,,,,,,588.0,,,,,,,,,,,,,,,,,,,,4.0,,,,,,,,,,,,,,,,,,,,,,,,,,,,,,,,,,,,,,,,,,,,,,,,,,,,,,,,2.0,,,,,,,,,,,,,,,,,,,,,,,,,,,,,,,,,,,,,,1.0,,,,,,,,,,,,,,,,,,,,,,,,,,,,,,,,,,,,,,,,,,,,,,,,,,,,,,,,,,,,,,,,,,,,,,,16.0,,,,,,,,,,,,,,21.0,64.0
HOMICIDE,,,,,,,,,,,,,,,,,,,,,,,,,,,,,,,,,,,,,,,,,,,,,,,,,,,,,,,,,,,,,,,,,,,,,,,,,,,,,,,,,,,,,,,,,,,,,,,,,,,,,,,,,,,,,,,,,,,,,,,,,,,,,,,,,,,,,,,,,,,,,,,,,,,,,,,,,,,,,,,,,,,,,,,,,,,,,,,,,,,,,,,,,,,,,,,,,,,,,,,,,,,,,,,,,,,,,,,,,,,,,,,,,,,,,,,,,,,,,12980.0,,,,,,,,,,,,,,,,,,,,,,,,,,,,,,,,,,,,,,,,,,,,,,,,,6.0,,,,,,,,,,,,,,,,,,,,,,,,,,,,,,,,,,,,,,,,,,,,,,,,,,,,,,,,,,,,,,,,,,,,,,,,,,,,,,,,,,,,,,,,,,,,,,,,,,,,,,,,,,,,,,,,,,,,,,,,,,,,,,,,,,,,,,,,,,71.0,,,,,,,,,,,,,,,1.0,,,,,,,,,,,,,,,,,,,,,,,,,,,,,,,,,,,,,,,,,,,,,,,,,,,,,,,,,,,,,,,,,,,,,,,,,,,,,,,,,,,,,,,,,,,,,,,,,,,,,,,,,,,,,,,
HUMAN TRAFFICKING,,,,,,,,,,,,,,,,,,,,,,,,,,,,,,,,,,,,,,,,,,,,,,,,,,,,,,,,,,,,,,,,,,,,,,,,,,,,,,,,,,,,,,,,,,,,,,,,,,,,,,,,,,,,,,,,,,,,,,,,,,,,,,,,,,,,,,,,,,,,,,,,,,,,,,,,,,,,,,,,,,,,,,,,,,,,,,,,69.0,,,,,,,,,,,,,,,,,,,,,,,,,,,,,,,,,,,,,,,,,,,,,,,,,,,,,,,,,,,,,,,,,,,,,,,,,,,,,,,,,,,,,,,,,,,,,,,,,,,,,,,,,,,,,,,36.0,,,,,,,,,,,,,,,,,,,,,,,,,,,,,,,,,,,,,,,,,,,,,,,,,,,,,,,,,,,,,,,,,,,,,,,,,,,,,,,,,,,,,,,,,,,,,,,,,,,,,,,,,,,,,,,,,,,,,,,,,,,,,,,,,,,,,,,,,,,,,,,,,,,,,,,,,,,,,,,,,,,,,,,,,,,,,,,,,,,,,,,,,,,,,,,,,,,,,,,,,,,,,,,,,,,,,,,,,,,,,,,,,,,,,,,,,,,,,,,,,,,,,,,,,,,,,,,,,,,,,,,
INTERFERENCE WITH PUBLIC OFFICER,,,,,,,,,,,,,,,,,,,,,,,,,,,,,,,,,,,,,,,,,,,,,,,,,,,,,,,,,,,,,,,,,,,,,,,,,,,,,,,,,,,,,17.0,,,,,,,,,,,,,,,,,,,,,,,,,,,,,,,,,,,,,,,,,,,,,,,,,,,,,,,,,,,,,,,,,,,,,,,,,,,,,,165.0,,,,,,,,,,,,,,,,,,,26.0,,6.0,,,,,,,,,,,,,,,,,,,,,,,,,,,,,,,,,,,,400.0,,,,,,,,,,,,,,,,,,,,,,,,,,,,,,,,,,,,,,,,,,,,,,,,,,,,,,,,,,,,,,860.0,,,,,,,,,,,,,,,,,,,,,,,,,,,,,,,,,,,,,,,,,,,,,,,,,,,,,,,,,,,,,,7258.0,2550.0,613.0,,,51.0,,,,,,,,,,,,,,,,,,,,,,,,,,,,,,,,,,,,,,,,,,,,,,,,,,,,,,,,,,,,,,,,,,,,,,,,,,,,20.0,,,658.0,6221.0,,,,,,,,,,,,,,,,,,,,,,,,,,,,,,,,,,,,,,,,,,,,,,,,,,,,,,,,,,,,,,,,,,,,,,,,,,,,,,,,,,,,,,,,,,,,,,,,,,,,,,,,,,,,,,,,,,,,,,,,,
INTIMIDATION,,,,,,,,,,,,,,,,,,,,,,,,,,,,,,,,,,,,,,,,,,,,,,,,,,,,,,,,,,,,,,,,,,,,,,,,,,,,,,,,,,,,,,,,,,,,,,,,,,,,,,,,,,,,,,,,,,,,,,,,,,,,,,,,,,,,,,,,,,,,,,,,,,,,,,,,,,,,,,,,,,,,,,,,,,,,,,,,,8.0,90.0,,,,,,,,,,,,,,,,,,,,,,,,,,,,,,,,,,,,,29.0,,,,,,874.0,,,,,,,,,,,,,,,,,,,,,,,,,,,,,,,,,,,,,,,,,,,,,,,,,,,,,,,,,,,,,,3840.0,9.0,,,,,,,,,,,,,,,,,,,,,,,,,,,,,,,,,,,,,,,,,,,,,,,,,,,,,,,,,,,,,,,,,,,,,,,,,,,,,,,,,,,,,,,,,,,,,,,,,,,,,,,,,,,,,,,,,,,,,,,,,,,,,,,,,,,,,,,,,,,,,,,,,,,,,,,,,,,,,,,,,,,,,,,,,,,,,,,,,,,,,,,,,,,,,,,,,,,,,,,,,,,,,,,,,,,,,,,,,,,,,,,,,,,,,,,,,,,,,,,,,,,,,,,,,,,,,,,,,,,,,,,,,,
KIDNAPPING,,,,,,,,,,,,,,,,,,,,,,,,,,,455.0,,,,,,,,,,,,,,,,,,,,,,,,,,,,,,,,,,,,,,,,,,,,,,,,,,,,,,,,,,,,,,,,,,,,,,,,,,,,,,,,,,,,,,,,,,,,,,,,,,,,,,,,,,,,,,,,,,,,,,,,,,,,,,,,,,,,,,,,,,,,,,,,,117.0,2461.0,,,,,,,,,,,,,,,,,,,,,,,,,,,,,,,,,,,,,,,,,,,,,,,,,,,,,,,,,,,,,,,,,,88.0,,,,,,,,,,,,,,,,,,,,,,,,,,,,,,,,,,,,,,,,,,,,,,,,,,,,738.0,,,,,,,,,,,,,,,,,,,,,,,,,,,,,,,,,,,,,,,,,,,,,,,,,,,,,,,,,,,,,,,,,,,,,,,,,,,,,,,,,,,,,,,,,,,,,,,,,,,,,,,,,,,,,,,,,,,,,,,,,,,,,,,,,,,,,,,,,,,,,,,,,,,,,,,,,,,,,,,,,,,,,,,,,,,,,,,,,,,,,,,,,,,,,,,,,,,,,,,,,,,,,,,,,,,,,2113.0,,,,,,,1266.0,,,,,,,,,,,,,,,,,,90.0,,,,,,,,,,,,,,,,,,,,,
LIQUOR LAW VIOLATION,,,,,,,,,,,,,,,,,,,,,,,,,,,,,,,,,,,,,,,,,,,,,,,,,,,,,,,,,,,,,,,,,,,,,,,,,,,,,,,,,,,,,,,,,,,,,,,,,,,,,,,,,,,,,,,,,,,,,,,,,,,,,,,,,,,,,,,,,,,,,,,,,,,,,,,,,,,,,,,,,,,,,,,,,,,,,,,,,,,,,,,,,,,,,,,,,,,,,,,,,,,,,,,,,,,,,,,,,11.0,,,,,,,,,,,,,,,,,,,,,,,,,,,,,,,,,,,,,,,,,,,,,,,,,4680.0,,3237.0,,,,,,,,,,,,,,,,,,,,,,,,,,,,3748.0,,,,,,,,,,,,,,,,,,,,,,,,,,,,,,,,,,,,72.0,,,,,,,,,,,,,,,,,,,,,,,,,,,,,,,,,,,,,,,,,,,,,,,,,,,,,,,,,,,,,,,,,,,,,,,,,,,,,,,,,,,,,,,,,,,,,,,,,,,,,,,,,,,,,101.0,,3195.0,,,,,,,,,,,,,,,,,,,,,,,,,,,,,,,,,,,,,,,,,,,,,,,,,,,,,,,,,,,,,,,,,,,,,,,,,,,,,,,,,,,,,,,,,,,,,,,,,,,,,,,,,,,
MOTOR VEHICLE THEFT,,,,,,,,,,,,,,,,,,,,,,,,,,,,,,,,,,,,,,,,,,,,,,,,,,,,,,,,,,,,,,,,,,,,,,,,,,,,,,,,,,,,,,,,,,,,,,,,,,,,,,,,,,,,,,,11642.0,1157.0,8836.0,3.0,28.0,,54.0,,,,,,,,,,,,,,,,,,,,,,,,,,,,,,,,,7.0,103.0,,312347.0,,,,,,,,,,,,,,,,,,,,,,,,,,,,,,,,,,,,,,,,,,,,,,284.0,5199.0,1108.0,,,,,,,,,,,,,,,,,,,,,,,,,,,,,,,,,,,,,,,,,,,,,,,,,,,,,,,,,,,,,,,,,,,,,,,,,,,,,,,,,,,,,,,,,,,,,,,,,,,,,,,,,,,,,,,,,,,,,,,,,,,,,,,,,,,,,,,,,,,,,,,,,,,,,,,,,,,,,,,,,,,,,,,,,,,,,,,,,,,,,,,,,,,,,,,,,,,,,,,,,,,,,,,,,,,,,,,,,,,,,,,,,,,,,,,,,,,,,,,,,,,,,,,,,,,,,,,,,,,,,,,,,,,,,,,5381.0,6.0,56.0,79.0,,,,,,,,,,23321.0,12.0,199.0,2828.0,,,,,,,,,,,,25132.0,,,,,,,,,,,,,,,,,,,,,,,,,,,,,,,,,,,,,,,,,,,,,,,,,,
NARCOTICS,,,,,,,,,,,,,,,,,,,,,,,,,,,,,,,,,,,,,,,,,,,,,,,,,,,,,,,,,,,,,,,,,,,,,,,,,,,,,,,,,,,,,,57.0,,1604.0,,,,,,,,,,,,,,,,,,,,,,,,,,,,,,,,,,,,,,,,,,,,,,,,,,,,4619.0,21372.0,,,,,,,,,,,,,,,,,,,,,,,,,,6.0,,373.0,,,,,,,,,,,,,,31.0,,,,,,,,,,,704.0,,,,,,,,,,,65.0,47.0,7.0,1.0,,,,,,,,,,,,,,5.0,8.0,,,,,,,,,,,,,,,,,,4156.0,,,,20544.0,,,,,,,,,,,,,,,,,,,,,,,,,,,,,,,,,,,,,,,,,,,,,,,,,,,,,,,,,11951.0,12500.0,672.0,26445.0,750.0,110.0,137.0,255.0,2688.0,24947.0,61.0,83.0,458.0,490.0,33.0,2024.0,11.0,24.0,234.0,1610.0,101.0,939.0,68.0,3.0,46.0,24.0,50.0,80.0,5.0,,,,,,,,,,,,,,,,,,,,,,,,,,,,,,,,,,,,,,,,,,,924.0,,,,727.0,1853.0,278135.0,19089.0,25470.0,121109.0,4076.0,372.0,3517.0,95786.0,137.0,762.0,3804.0,3938.0,150.0,347.0,1148.0,2057.0,1114.0,2109.0,356.0,22.0,213.0,4247.0,1.0,2.0,223.0,305.0,664.0,,,,,9246.0,,175.0,,,,,,,,,,,,,,,,,,,18.0,,,,,124.0,969.0,,,,,,,,,,,,,,,,,,,,,481.0,27854.0,,,,,,,,,,,,,,,,,,,,,,,,,,,,,,,,,,,,,,,,,,,,,,,,,,,,,,,,,,,,,,,,,,,,,,,,,,,,,,,,,,,,,,,,,,,
NON - CRIMINAL,,,,,,,,,,,,,,,,,,,,,,,,,,,,,,,,,,,,,,,,,,,,,,,,,,,,,,,,,,,,,,,,,,,,,,,,,,,,,,,,,,,,,,,,,,,,,,,,,,,,,,,,,,,,,,,,,,,,,,,,,,,,,,,,,,,,,,,,,,,,,,,,,,,,,,,,,,,,,,,,,,,,,,,,,,,,,,,,,,,,,,,,,,,,,,,,,,,,,,,,,,,,,,,,,,,,,,,,,,,,,,,,,,,,,,,,,,,,,,38.0,,,,,,,,,,,,,,,,,,,,,,,,,,,,,,,,,,,,,,,,,,,,,,,,,,,,,,,,,,,,,,,,,,,,,,,,,,,,,,,,,,,,,,,,,,,,,,,,,,,,,,,,,,,,,,,,,,,,,,,,,,,,,,,,,,,,,,,,,,,,,,,,,,,,,,,,,,,,,,,,,,,,,,,,,,,,,,,,,,,,,,,,,,,,,,,,,,,,,,,,,,,,,,,,,,,,,,,,,,,,,,,,,,,,,,,,,,,,,,,,,,,,,,,,,,,,,,,,,,,,,,,,,,,,,,,,,,,,,,,,,,,,,,,,,,,,,,,,,,,,,,,,,,,,,,,,
NON-CRIMINAL,,,,,,,,,,,,,,,,,,,,,,,,,,,,,,,,,,,,,,,,,,,,,,,,,,,,,,,,,,,,,,,,,,,,,,,,,,,,,,,,,,,,,,,,,,,,,,,,,,,,,,,,,,,,,,,,,,,,,,,,,,,,,,,,,,,,,,,,,,,,,,,,,,,,,,,,,,,,,,,,,,,,,,,,,,,,,,,,,,,,,20.0,,,,,,,,,,,,,,,,,,,,,,,,,,,,,,,,,,,,,,,,,,,,,,,,,,,,,,,,,38.0,,,,,,4.0,,,,,,,,,,,,,3.0,,,,,,,,,,,,,,,,,,,,,,,,,,,,,,,,,,,,,,,,,111.0,,,,,,,,,,,,,,,,,,,,,,,,,,,,,,,,,,,,,,,,,,8.0,,,,,,,,,,,,,,,,,,,,,,,,,,,,,,,,,,,,,,,,,,,,,,,,,,,,,,,,,,,,,,,,,,,,,,,,,,,,,,,,,,,,,,,,,,,,,,,,,,,,,,,,,,,,,,,,,,,,,,,,,,,,,,,,,,,,,,,,,,,,,,,,,,,,,,,,,,,,,,,,,,,,,,,,,,,,,,,,,,,,,,,,,,,,,,,,,,,,,,,,,,,,,,,,,,
NON-CRIMINAL (SUBJECT SPECIFIED),,,,,,,,,,,,,,,,,,,,,,,,,,,,,,,,,,,,,,,,,,,,,,,,,,,,,,,,,,,,,,,,,,,,,,,,,,,,,,,,,,,,,,,,,,,,,,,,,,,,,,,,,,,,,,,,,,,,,,,,,,,,,,,,,,,,,,,,,,,,,,,,,,,,,,,,,,,,,,,,,,,,,,,,,,,,,,,,,,,,,,,,,,,,,,,,,,,,,,,,,,,,,,,,,,,,,,,,,,,,,,,,,,,,,,,,,,,,,,,,,,,,,,,,,,,,,,,,,,,,,,,,,,,,,,,,,,,,,,,,,,,,,,,,,,,,,,,,,,,,,,,,,,,,,,,,,,,,,,,,,,,,,,,,,,,,,,,,,,,9.0,,,,,,,,,,,,,,,,,,,,,,,,,,,,,,,,,,,,,,,,,,,,,,,,,,,,,,,,,,,,,,,,,,,,,,,,,,,,,,,,,,,,,,,,,,,,,,,,,,,,,,,,,,,,,,,,,,,,,,,,,,,,,,,,,,,,,,,,,,,,,,,,,,,,,,,,,,,,,,,,,,,,,,,,,,,,,,,,,,,,,,,,,,,,,,,,,,,,,,,,,,,,,,,,,,,
OBSCENITY,,,,,,,,,,,,,,,,,,,,,,,,,,,,,,,,,,,,,,,,,,,,,,,,,,,,,,,,,,,,,,,,,,,,,,,,,,,,,,,,,,,,,,,,,,,,,,,,,,,,,,,,,,,,,,,,,,,,,,,,,,,,,,,,,,,,,,,,,,,,,,,,,,,,,,,,,,,,,,,,,,,,,,,,,,,,,,,,,,,,,,,,,,,,,,,,,,,,,,,,,,,,,,,,,,,,,,,,,,,,,,,,,,,,,,,,,,,,,,,,,,,,,,,,,,,,,,,,,,,,,,,,,,,,,,,,,,,,,,,,,,,,,,,,,,,,,,,,,,,,,,,,,,,,,,,,,,,,,,,,,,,,,,,,,,,,,,,,,,,,,534.0,,124.0,,,,,,,,,,,,,,,,,,,,,,,,,,,,,,,,,,,,,,,,,,,,,,,,,,,,,,,,,,,,,,,,,,,,,,,,,,,,,,,,,,,,,,,,,48.0,1.0,,,,,140.0,,,,,,,,,,,,,,,,,,,,,,,,,,,,,,,,,,,,,,,,,,,,,,,,,,,,,,,,,,,,,,,,,,,,,,,,,,,,,,,,,,,,,,,,,,,,,,,,,,,,,,,,,,,,,,,,
OFFENSE INVOLVING CHILDREN,,,,,,3437.0,,,,,,,,,,,,,,2926.0,,,,,,,,,,,,,,,,,1590.0,,,,,,,,,,,,,,,,,,,,,,,,,,,,,,,,,,,1298.0,,,,,,,,,,,,,,,,,,,,,,,,,,,,,,,,,,,,,,,,,,,,,,,,,,,,,,,,,,,,,,,,,,,,,,,,,,,,,,,,,,,,,,,,,,,,,,,,,,1037.0,3955.0,,,16554.0,1613.0,,,,,,,,,,131.0,597.0,12.0,33.0,,,,2130.0,,,,571.0,,,,,,,,,,,,,,,,,,,,,,1122.0,7090.0,,,,,,,,,,,,,,,,,,,,,,,,,,,,,,,,,,,,,,,,,,,,278.0,,,,,,,,,,,,,,,,,,,,,,,,,,,,,,,,,,,,,,,,,,,,,,,,,,,,,,,,,,,,,,,,,,,,,,,,,,,,,,,,,,,,,,,,,,,,10779.0,,,,,,,,,,,,,,,,,,,79.0,,,,,,,,,,,,,,,,,,,,,,,,,,,,,,,,,,,,,24.0,,,,,,,,,,,,,,,,,,,,,,,3.0,30.0,,,,,,,,,1468.0,,,,,,,,528.0,,,,,,,,,,,,,,,,,,,,,,,,,,,,,,,,,,,,,,,,,,,,,,,,,,,,,,,,,,,,,,,,,,,,,,,,,,,,,,,,,,,,,,,,,,,,,,,,,,
OTHER NARCOTIC VIOLATION,,,,,,,,,,,,,,,,,,,,,,,,,,,,,,,,,,,,,,,,,,,,,,,,,,,,,,,,,,,,,,,,,,,,,,,,,,,,,,,,,,,,,,,,,,,,,,,,,,,,,,,,,,,,,,,,,,,,,,,,,,,,,,,,,,,,,,,,,,,,,,,,,,,,,,,,,,,,,,,,,,,,,,,,,,,,,,,,,,,,,,,,,,,,,,,,,,,,,,,,,,,,,,,,,,,,,,,,,,,,,,,,,,,,,,,,,,,,,,,,,,,,,,,,,,,,,,,,,,,,,,,,,,,,,,,,,,,,,,,,,,,,,149.0,,,,,,,,,,,,,,,,,,,,,,,,,,,,,,,,,,,,,,,,,,,,,,,,,,,,,,,,,,,,,,,,,,,,,,,,,,,,,,,,,,,,,,,,,,,,,,,,,,,,,,,,,,,,,,,,,,,,,,,,,,,,,,,,,,,,,,,,,,,,,,,,,,,,,,,,,,,,,,,,,,,,,,,,,,,,,,,,,,,,,,,,,,,,,,,,,,,,,,,,,,,,,,,,,,,,,,,,,,,,,,,,,,,,,,,,,,,,,,,,,,,,,,,,,,,,,,,,,,,,,,,,,
OTHER OFFENSE,,,51.0,133.0,,,,,,,,,,,,,,,,,,,,,,,,,,,,,,,,,,,,,,,,,,,,,,,,,,,,,,,,,,,,,,,,,,,,,,,,,,,,,,,,,,,,,488.0,3432.0,293.0,,,,,,,,,,,,15.0,4.0,17.0,3.0,3.0,,,,,,,,,,,,,,,,,,,,,,,,,,,,,,,,,,,,,,,,,,,,,,,,236.0,,,,,,,,,,,,,,,,,,,,,,,,36.0,,,,,,,,,,,,,,,,,,,,,,,,,,,,,,,1.0,1.0,,,115.0,,,,,,,,,,2652.0,,,21866.0,,,,,,,,,189.0,,,,,,,,,,,,,,,,,,838.0,378.0,72.0,,1694.0,969.0,416.0,36638.0,113224.0,,92.0,,,,,,,,,,,,,,,,27.0,,,,,,,,,,,,,,8911.0,,,,,,,,,,,,,,,,,,,,,,,,,,,,,,,,,,,,,,,,101.0,,,,,,,,4244.0,,,,,,,,,26.0,147.0,9294.0,12810.0,,,41731.0,,7777.0,,,,5290.0,,,,,,,,,,,,,,,,,,,,,,,,,,,,,,,,,,,,,,,,,,,,,,816.0,,,,,,2064.0,,,,,,,,,,,,,,,,,,,,,,,,,,,,,,668.0,612.0,2.0,4844.0,4345.0,206.0,,,,,,,,,,,,,,,,,,,,523.0,152836.0,,,,,,,,,,,,,,,,,,,,,,,,,,,,,,,,,,,,,,,,,,,,,,,,,,,,,9.0,,,,,,,1456.0,8504.0,,670.0,,42384.0,363.0,93.0,1075.0,47.0,,20.0,111.0,66.0,22.0,246.0,117.0,59.0,,
PROSTITUTION,,,,,,,,,,,,,,,,,,,,,,,,,,,,,,,,,,,,,,,,,,,,,,,,,,,,,,,,,,,,,,,,,,,,,,,,,,,,,,,,,,,,,,,,,,,,,,,,,,,,,,,,,,,,,,,,,,,,,,,,,,,,,,,,,,,,,,,,,,,,,,,,,,,,,,,,,,,,,,,,,,,,,,22.0,,2368.0,,,,,,,,,,,,,,,,,,,,,,,,,,,,,,,,,,,,,,,,,,,,,,,,,,,,,,,,,,,,,,,,,,,,,,,,,,,,,,,,,,,,,,,,,,,,,,,,,,,,,,,,42.0,,,,,,,,,,,,,,,,19.0,1.0,113.0,,,,,,,,,,,,,,,,,,,,,,,,,,,,,,,,,,,,,,,,,,,,,,,,,,,,,,,,,,,,,,,,,,428.0,,,,,,85.0,,10.0,812.0,,,100.0,,,,,,,,,,,,,,,,,,,,,,,,,,,,,,,,,,,,,,,,,,,,,,,,,,,,,,,,,,,,,,,,,,,,,,,,,,,,,,,,,,,,,,,,14753.0,2189.0,,,267.0,48728.0,9.0,28.0,,,,,,,,,,,,,,,,,,,,,,,,,,,,,,,,,,,,,,,,,,,,,,,,,,,,,,,,,,,,,,,,,,,,,,,,,,,,,,,,,,,,,,,
PUBLIC INDECENCY,,,,,,,,,,,,,,,,,,,,,,,,,,,,,,,,,,,,,,,,,,,,,,,,,,,,,,,,,,,,,,,,,,,,,,,,,,,,,,,,,,,,,,,,,,,,,,,,,,,,,,,,,,,,,,,,,,,,,,,,,,,,,,,,,,,,,,,,,,,,,,,,,,,,,,,,,,,,,,,,,,,,,,,,,,,,,,,,,,,,,,,,,,,,,,,,,,,,,,,,,,,,,,,,,,,,,,,,,,,,,,,,,,,,,,,,,,,,,,,,,,,,,,,,,,,,,,,,,,,,,,,,,,,,,,,,,,,,,,,,,,,,,,,,,,,,,,,199.0,,,,,,,,,,,,,,,,,,,,,,,,,,,,,,,,,,,,,,,,,,,,,,,,,,,,,,,,,,,,,,,,,,,,,,,,,,,,,,,,,,,,,,,,,,,,,,,,,,,,,,,,,,,,,,,,,,,,,,,,,,,,,,,,,,,,,,,,,,,,,,,,,,,,,,,,,,,,,,,,,,,,,,,,,,,,,,,,,,,,,,,,,,,,,,,,,,,,,,,,,,,,,,,,,,,,,,,,,,,,,,,,,,,,,,,,,,,,,,,,,,,,,,,,,,,,,,,
PUBLIC PEACE VIOLATION,,,,,,,,,,,,,,,,,,,,,,,,,,,,,,,,,,,,,,,,,,,,,,,,,,,,,,,,,,,,,,,,,,,,,,,,,,,,,,,,,,,,,,,,,,,,,,,,13.0,,,,,,4982.0,,,,,,,,,,,,,,,,,,,,,,,,,,,,,,,,,,,,,,,,,,,,,,,,,,,,,,,,,,7117.0,,,,,,,,,,,,,,,,,,,,,,,,,,,,,,,,,,,,,,,,,,,,,,,,,,,,,,,,,,,,,,,,,1192.0,2642.0,,,,,,,,,,,,,,,,,,,,,,,,,,,,,,,,,,,,,,,,,,,,,,,,,,,,,25.0,,7.0,,,,,,,,,,,,,,,,408.0,,,,,,,,,,,,,,,,,,,,,,,,,,,,,,,,,,,,1531.0,,,,,,,,,,,,,,,,,,,,,,,,,2145.0,,,,,,,,,1246.0,,,,,,,,,,,,,,,,,,,,,,,,,,,,,,,,,,,,,,,,,,,,,,,,,,,,115.0,,,31496.0,,,,,,,,,,,,,,,,,,6.0,,56.0,,,,,,,,,,,,,,,,,,,,,,,,,,,,,,,,,,,,,,,,,,,,,,,16.0,,,,,,,,,,,,,,,,,,,,,,,,,,,,,,,,,,,,,,,,,,,,,,,,,,,,,,,,,,,,,
RITUALISM,,,,,,,,,,,,,,,3.0,5.0,5.0,5.0,5.0,,,,1.0,,,,,,,,,,,,,,,,,,,,,,,,,,,,,,,,,,,,,,,,,,,,,,,,,,,,,,,,,,,,,,,,,,,,,,,,,,,,,,,,,,,,,,,,,,,,,,,,,,,,,,,,,,,,,,,,,,,,,,,,,,,,,,,,,,,,,,,,,,,,,,,,,,,,,,,,,,,,,,,,,,,,,,,,,,,,,,,,,,,,,,,,,,,,,,,,,,,,,,,,,,,,,,,,,,,,,,,,,,,,,,,,,,,,,,,,,,,,,,,,,,,,,,,,,,,,,,,,,,,,,,,,,,,,,,,,,,,,,,,,,,,,,,,,,,,,,,,,,,,,,,,,,,,,,,,,,,,,,,,,,,,,,,,,,,,,,,,,,,,,,,,,,,,,,,,,,,,,,,,,,,,,,,,,,,,,,,,,,,,,,,,,,,,,,,,,,,,,,,,,,,,,,,,,,,,,,,,,,,,,,,,,,,,,,,,,,,,,,,,,,,,,,,,,,,,,,,,,,,,,,,,,,,,,,,,,,,,,,,,,,,,,,,,,,,,,,,,,,,,,,,,,,,,,,,,,,,,,,,,,,,,,,,,
ROBBERY,,,,,,,,,,,,,,,,,,,,,,,,,,,15063.0,,,,,,,,,,,,,,,,,,,,,,,,,,,,,,,,,,,,,,,,,,,,,,14458.0,,,,,,,,,,,,,,,,,,,14868.0,1383.0,1071.0,314.0,,,93409.0,12972.0,1380.0,12243.0,,,,,,,,,,,,,,,,,,,,,,271.0,,,,,,,1508.0,239.0,171.0,77.0,1.0,,,,,,,,999.0,1.0,,985.0,8503.0,2243.0,2044.0,293.0,,,10215.0,,,,,,,,,,,,,,,,,,,,,,,,,,,,,,,,,,,,,,,,,,,,,,,,,,,,,,,,,,,,,,,,,,,,,,,,,,,,,,,,,,,,,,,,,,,,,,,,,,,,,,,,,,,,,,,,,,,,,,,,,,,,,,,,,,,,,,,,,,,,,,,,,,,,,,,,,,,,,,,,,,,,,,,,,,,,,,,,,,,,,,,,,,,,,,,,,,,,,,,,,,,,,,,,,,,,,,,,,,,,,,,,,,,,,,,,,,,,,,,,,,,,,,,,,,,,,,,,,,,,,,,,,,,,,,,,,,,,,,,,,,,,,,,,,,,,,,,,,,,,,,,,,,,,,,,,,,,8168.0,91714.0,6.0,,,,,,,,,,,,,,,,,,,,,,,,,,,,,,,,,,,,,,,,,,,,,,,,,,,,,,,,,,,,,,,,6973.0,,,,,,,,,,,,,,,,,
SEX OFFENSE,,,,,6.0,,5670.0,,,,,,,,,,,,,,,,,,,,,,,,,,,,,897.0,,,,,,,,,,,,,,,,,,,,,,,,,,,,,,,,,,,,,,,,,,,,,,,,,,,,,,,,,,,,,,,,,,,,,,,,6.0,159.0,882.0,,,,,,,,,,,,,,,,,,,30.0,,,,,,,132.0,,,,,,,,,,,,,,,,,,33.0,,,,,,,,,,,,,,,,,,,,,,,,,,,,,,,,,,,,,,,,,11285.0,,140.0,,,,,,,,,,,,,,,,,,,,,,,,,,,,,,,,,,,,,,,,,,,,,,16.0,,,,,,,,,,,,,,,,,,,,,,,,,,,,,,115.0,14.0,79.0,656.0,,,,,,,,,,,,,,,,,,,,,,,,,,,,,,,,,,,,,,,,,,,,,,,,,,,,,,,2.0,,,,,,949.0,327.0,,,,,,,,,,,,1143.0,,,,,,,,,,,,,,,,,,,,,,,,,,,,,,,,,,,,,,,,,,,,,,,,,,,,,,,,,,,,,,,,,,,,,,8259.0,,,,,,,,,,,,,,,,,,,,,,,,,,,,,,,46.0,,1037.0,17.0,,,,,,,,,,,,,,,,,,,,,,,,,,,,,,,,,,,,,,,,,,,,,,,,,,,,,,,,,,,,,,,,,,,,,,,,,,,,,,,,,,,,,,,,,,,,,,,,
STALKING,,,,,,,,,,,,,,,,,,,,,,,,,,,153.0,,,,,,,,,,,,,,,,,,,,,,,,,,,,,,,,,,,,,,,,,,,,,,,,,,,,,,,,,,,,,,,,,,,,,,,,,,,,,,,,,,,,,,,,,,,,,,,,,,,,,,,,,,,,,,,,,,,,,,,,,,,,,,,,,,,,,,,,,,,,,,,,,,,,,,,,,,,,,,,,,,,,,,,,,,,433.0,,,,,,,,,,,,,,,,,,,,,,,,,,,,,,,,,,,,,,,,,,,,,,,,,,,,,,,,,,,,,,,,,,,,,,,,,,,,,,,,,,,,,,,,,,,,,,,,,,,,,,,,,,,,,,,,,,,,,,,,,,,,,,,,,,,,,,,,,,,,,,,,,,,,,,,,,,,,,,,,,,,,,,,,,,,,,,,,,,,,,,,,,,,,,,,,,,,,,,,,,,,,,,,,,,,,,,,,,,,,,,,,,,,,,,,,,,,,,,,,,,,,,,,,,,,,,,,,,4113.0,,,,,,,,,,,,,,,,,,,,,,,,,,,,,,,,,,,,,,,,,,,,,,,,,,,,,,,,,,,,,,,,,,,,,,,,,,,,,,,,,,,,,,513.0,,,,,,,,,
THEFT,16.0,646414.0,,,,,,,,,,,,,,,,,,,,,,2900.0,,,,,,,,,,,,,,,,,,,,,,,,,,,,,,,,,,,,,,,,,,,,,,,,,,1.0,,,,,,,,,,,,,,,,,,,,,,,,,,,,,,,,,,,,,,,,,,,,,,,,,,,,,,,,,,,,,,,2955.0,,,,,,,12946.0,,,,,,,,,,,,,,,,,,,,,,,,,,,,,,,,,,,,,,,,,,,,,,,,,,,,,,,,,,,,,,,,,1058.0,,,,,,,,,,,,,,,,,,,,,44520.0,15205.0,,,1.0,10.0,,,,,,,,,,,,259361.0,1117.0,44.0,,,,,,,,,,,,,,,,,,,,,,,,,,,,,,,,,,,,,,,,,,,,,,,,,,,,,,,,,,,,,,,,,,,,,,,,,,,,,,,,,,,,,,,,,,,,,,,,,,,,,,,,,,,,,,,13.0,431355.0,,,,,,,,41037.0,,,,,,,,,,,,,,,,,,,,,,,,,,,,,,,,,,,,,,,,,,,,,,,,,,,,18512.0,,,,,,,,,211523.0,,,,,,,,,,,,,,,,,,,,,,,,,,,,,,,,,,,,,,,,,,,,,,,,,,,,,,1.0,,,,,,,,,,,,,,,,,,,,,,,,,,,,,,,,,,,,,,,,,,,,,,,,,,,,,,,,,,,,,,,,,,
WEAPONS VIOLATION,,,,,,,,,,,,,,,,,,,,,,,,,,,,,,,,,,,,,,,,,,,,,,,,,,,,,,,,,,,,,,,,,,,,,,,,,,,,,,,,,,,,,,,,,,,,,,,,,,,,,,,,,,,,,,,,,,,,,,,,,,,,,,,,,,,,,,,,,,,,,,,,,,,,,,,,,,,,,,,,,,,,,,,,,,,,,,,,,,,,,,,,,,,,,,,,,,,,,,,,,,,40.0,9.0,,,,,,,,,,,,,,,,,,,,,,,,,,,,,,,,,,,,,,,,,,,,,,,,,,,,,,,,,,,,,,,,,,,,,,,,,,,,,,,,,,,,,,,,,,,,,,,,,,,,,,,,,,,,,,,,,,,,,,,,,,,,,,,,,,,,,,,,,,,,,,,,,,,,,,,,,,,,,,,,,,,,,,,,,,,2116.0,,,,,,,,,,,,,,,,,,,,,,,,,,,,,,,155.0,,,,,,,,,,,,,,,,,12760.0,,,,5.0,,,,,,,,,,,,,,,,,,,,,,,,,,,,,,,,,,,,,,,,,,,,,,,,,,,,,,,,,,,,,,,,,,,,,,,,,,,,,,1601.0,52229.0,2844.0,236.0,21226.0,288.0,,7.0,16.0,8.0,228.0,89.0,153.0,1483.0,228.0,1406.0,60.0,4231.0,,,,8613.0,724.0,2460.0,,6.0,,,,,,,,,,,,,,,,,,,,
